title,description,data_needs,idea_id,feasibility_score,feasibility_notes
Arctic Anomaly Detection with Computer Vision,"A deep learning system that detects and classifies Arctic climate anomalies (e.g., ice melt, temperature spikes) using satellite imagery and computer vision techniques. Leverages CNNs to identify patterns in multi-spectral data for real-time anomaly monitoring.","['Satellite imagery', 'Arctic climate data', 'historical ice coverage records']",8_arctic_anomaly_detection_with_computer_vision,0.65,"Satellite imagery and climate data are partially accessible via public sources, but Arctic-specific datasets may require curation and preprocessing. CNNs are well-suited for the task, though domain adaptation and anomaly detection in imbalanced data pose moderate technical risks. Compute needs are high (GPUs/TPUs) but feasible with cloud infrastructure. Deployment requires integration with real-time satellite feeds and climate monitoring systems, which could involve API partnerships but is not insurmountable."
Climate Resilience Prediction using GANs,Generative adversarial networks (GANs) simulate climate-resilient ecosystems by generating synthetic scenarios of future climate conditions. Trains models to optimize urban planning and agriculture for resilience against extreme weather.,"['Historical climate data', 'urban/agricultural datasets', 'environmental impact assessments']",9_climate_resilience_prediction_using_gans,0.7,"Data availability is mixed with public climate datasets accessible but urban/agricultural integration may require cleaning and alignment. GANs are a suitable model type but training stability and scenario realism pose moderate technical risk. Compute needs are moderate with standard GPU clusters. Deployment requires stakeholder collaboration for practical integration into planning tools, which could be complex but achievable."
Sea Level Rise Prediction with Deep Learning,"A deep learning model that forecasts regional sea level rise by analyzing ocean current data, satellite altimetry, and temperature trends. Uses transformer networks to integrate spatiotemporal data for high-resolution predictions.","['Ocean current measurements', 'satellite altimetry data', 'coastal topography maps']",10_sea_level_rise_prediction_with_deep_learning,0.7,"Public datasets for ocean and satellite data reduce acquisition challenges, but integration of diverse spatiotemporal sources requires non-trivial preprocessing. Transformer-based models are well-suited for the task but demand substantial compute resources (high-end GPUs/TPUs). Deployment requires integration with existing coastal monitoring systems, which could introduce scalability and maintenance complexities."
Renewable Energy Output Forecasting,"Machine learning algorithms predict solar and wind energy output by analyzing weather patterns, satellite imagery, and sensor data. Integrates computer vision for cloud cover analysis to optimize energy grid management.","['Weather forecasts', 'satellite imagery', 'energy production logs']",11_renewable_energy_output_forecasting,0.75,"Public weather and satellite datasets are widely available, but energy production logs may require access to proprietary systems. Standard deep learning models (CNNs, LSTMs) apply with low technical risk. Compute needs are manageable with mid-tier GPUs. Deployment requires integration with existing grid infrastructure, posing moderate scalability and maintenance challenges."
Climate Policy Optimization with Reinforcement Learning,"Reinforcement learning models simulate and recommend optimal climate policies by evaluating economic, environmental, and social impacts. Trains agents to balance mitigation strategies with societal equity.","['Climate policy datasets', 'economic indicators', 'emissions inventories']",12_climate_policy_optimization_with_reinforcement_lea,0.65,"Data integration challenges exist due to diverse sources but public datasets are available. RL model requires careful reward design balancing multiple objectives, introducing technical risk. Compute needs are moderate with standard GPUs, though training may be intensive. Deployment faces hurdles in policy adoption and scalability across regions."
Sustainable Deep Learning Models for Energy Efficiency,"Designs energy-efficient deep learning architectures for climate applications, reducing computational carbon footprints. Optimizes model training using lightweight neural networks and pruning techniques.","['Model performance metrics', 'energy consumption logs', 'carbon footprint databases']",13_sustainable_deep_learning_models_for_energy_effici,0.85,"Utilizes established lightweight model techniques and pruning methods, reducing technical risk. Data requirements include accessible metrics and existing carbon footprint databases, though energy logs may require specific infrastructure. Compute needs are minimal with standard GPUs. Deployment is scalable for climate applications but may need integration with current monitoring systems."
Climate Data Fusion for Enhanced Predictions,"A multimodal deep learning framework that fuses satellite imagery, ground sensors, and oceanographic data to improve climate model accuracy. Uses attention mechanisms to prioritize relevant data sources.","['Satellite data', 'ground sensor networks', 'oceanographic measurements']",14_climate_data_fusion_for_enhanced_predictions,0.7,Data integration challenges due to multimodal heterogeneity but public datasets exist. Attention-based models are established but require domain adaptation. Compute needs are moderate with high-end GPUs. Deployment depends on sensor network compatibility and real-time processing capabilities.
AI-Driven Carbon Footprint Analysis,"A deep learning system that tracks and predicts carbon footprints of industries, cities, or individuals by analyzing supply chains, energy use, and emissions data. Uses graph neural networks to model complex dependencies.","['Emissions inventories', 'supply chain data', 'energy consumption records']",15_ai-driven_carbon_footprint_analysis,0.65,"Data availability is mixed (public emissions data exists but supply chain records are often proprietary). GNNs are suitable for modeling dependencies but may require novel architectures. Compute needs are moderate but could escalate with large-scale graphs. Deployment requires integration with diverse systems, posing scalability challenges."
Geoengineering Impact Assessment with Simulations,"Machine learning models simulate the environmental impacts of geoengineering proposals (e.g., stratospheric aerosol injection) by analyzing atmospheric and oceanic feedback loops. Uses physics-informed neural networks.","['Atmospheric chemistry data', 'climate simulations', 'historical geoengineering experiments']",16_geoengineering_impact_assessment_with_simulations,0.6,"Data challenges arise from limited historical geoengineering experiments and complex climate simulation preprocessing. Physics-informed neural networks add technical complexity and require domain-specific model adaptations. Compute needs are high due to large-scale simulations, but manageable with GPU clusters. Deployment requires integration with existing climate models, posing moderate scalability challenges."
Climate Tipping Points Prediction with Predictive Analytics,"Predictive analytics models identify early warning signals of climate tipping points (e.g., Amazon dieback, permafrost thaw) using time-series analysis and anomaly detection.","['Historical climate records', 'tipping point indicators', 'ecological monitoring data']",17_climate_tipping_points_prediction_with_predictive_,0.6,"Data availability is partially constrained by the specificity of tipping point indicators, though core datasets like historical climate records are accessible. Established deep learning models (e.g., LSTMs, anomaly detection frameworks) reduce technical risk, but integration of multimodal data may increase complexity. Compute needs are moderate for standard GPU clusters, though larger datasets could escalate requirements. Deployment faces challenges in real-time monitoring integration and maintaining model accuracy with evolving environmental data."
Machine Learning for Climate Adaptation Strategies,"AI systems tailor climate adaptation strategies (e.g., flood barriers, crop shifts) to specific regions by analyzing vulnerability data, socio-economic factors, and climate projections.","['Vulnerability assessments', 'socio-economic datasets', 'regional climate models']",18_machine_learning_for_climate_adaptation_strategies,0.7,"[Data acquisition has moderate challenges due to regional specificity and integration needs, but public datasets exist. Deep learning is suitable with multimodal models, though complexity increases integration of heterogeneous data. Compute requirements are standard with GPUs, avoiding HPC needs. Deployment requires stakeholder collaboration for strategy adoption, posing moderate scalability and maintenance hurdles.]"
Environmental Predictive Modeling with Transformers,"Transformer-based models predict environmental changes (e.g., biodiversity loss, desertification) by analyzing satellite imagery, species distribution data, and climate trends.","['Satellite imagery', 'species occurrence records', 'land use datasets']",19_environmental_predictive_modeling_with_transformer,0.7,Satellite imagery and land use data are publicly available but require substantial preprocessing. Transformers are suitable for multi-modal analysis but demand significant computational resources. Deployment is feasible via cloud platforms but may face integration challenges with existing environmental monitoring systems.
Climate Justice Analysis using AI,AI tools assess climate justice by analyzing the differential impacts of climate change on marginalized communities. Uses natural language processing (NLP) to evaluate policy equity and social vulnerability.,"['Demographic data', 'climate impact assessments', 'policy documents']",20_climate_justice_analysis_using_ai,0.75,Data sources are accessible but require integration and preprocessing challenges. Utilizes established NLP models with moderate customization. Compute needs are standard GPU-compatible. Deployment requires policy system integration and ongoing updates for scalability.
Machine Learning-Based Weather Forecasting for Agriculture,"Deep learning models predict hyper-local weather patterns to optimize crop management, irrigation, and disaster response. Integrates weather station data with soil moisture sensors.","['Weather station data', 'soil moisture measurements', 'agricultural productivity records']",21_machine_learning-based_weather_forecasting_for_agr,0.75,"Data integration challenges exist for soil moisture and productivity records but public weather data facilitates access. Standard deep learning models (e.g., LSTMs) are applicable with moderate complexity. Compute needs align with standard GPUs. Deployment requires sensor network integration but remains technically scalable."
Climate Model Uncertainty Quantification with Bayesian Neural Networks,Bayesian deep learning techniques quantify uncertainties in climate models by analyzing parameter sensitivities and model outputs. Enhances confidence in climate projections for policymakers.,"['Climate model outputs', 'parameter sensitivity data', 'observational validation datasets']",22_climate_model_uncertainty_quantification_with_baye,0.65,"Climate model data is accessible but large-scale parameter sensitivity analysis may require extensive preprocessing. Bayesian neural networks are suitable but computationally intensive, necessitating high-performance GPUs. Deployment involves integration with existing climate modeling frameworks, which could pose technical and collaboration challenges."
Climate Decision Support Systems with Multi-Agent Reinforcement Learning,"Multi-agent RL systems simulate stakeholder interactions (e.g., governments, industries) to recommend climate action plans that align with global sustainability goals.","['Stakeholder behavior data', 'climate action scenarios', 'negotiation outcomes']",23_climate_decision_support_systems_with_multi-agent_,0.55,"[Significant data challenges due to scarce stakeholder behavior datasets and negotiation outcomes requiring manual labeling. MARL is a suitable but complex approach with high technical risk. Compute needs are substantial, requiring GPU clusters. Deployment faces integration and scalability hurdles in real-world governance systems.]"
Sustainable Development Optimization with AI,"AI optimizes resource allocation for sustainable development by balancing economic growth, environmental conservation, and social equity. Uses optimization algorithms to design circular economy systems.","['Resource use data', 'sustainability metrics', 'economic indicators']",24_sustainable_development_optimization_with_ai,0.6,"Data availability is moderate with public datasets for resource use and economic indicators, but integration of heterogeneous sustainability metrics may require significant preprocessing. Model complexity is manageable using established optimization frameworks, though combining them with deep learning for multi-objective balancing introduces moderate technical risk. Compute needs align with standard GPUs, avoiding HPC barriers. Deployment faces scalability challenges due to regional variability in resource systems and the need for policy integration, which complicates real-world implementation."
AI for Climate Governance and Policy Implementation,"AI automates climate governance by analyzing compliance with international agreements (e.g., Paris Agreement) and recommending enforcement strategies using NLP and rule-based systems.","['Policy compliance data', 'emissions reports', 'international climate agreements']",25_ai_for_climate_governance_and_policy_implementatio,0.75,"Data availability is moderate with public emissions reports and agreements, but policy compliance data may require aggregation and cleaning. NLP and rule-based systems are well-established, reducing technical risk. Compute needs are manageable with standard GPUs if leveraging pre-trained models. Deployment complexity arises from integrating with governance workflows and ensuring policy adaptability, but scalability is achievable with modular design."
Climate Informatics for Carbon Footprint Visualization,"Deep learning models visualize carbon footprints in real-time using interactive dashboards, combining data from supply chains, transportation, and energy consumption.","['Carbon emissions data', 'supply chain logs', 'energy use metrics']",26_climate_informatics_for_carbon_footprint_visualiza,0.7,Data availability is mixed with public carbon emissions data accessible but supply chain logs may require proprietary access. Deep learning models are feasible but need adaptation for multimodal integration. Compute needs exceed standard GPUs but are manageable with cloud resources. Deployment complexity arises from real-time integration with diverse infrastructures.
Climate Scenario Planning with Generative Models,"Generative models simulate future climate scenarios (e.g., RCPs) to assess risks and inform mitigation strategies. Uses VAEs or diffusion models to generate diverse climate futures.","['Climate scenario datasets', 'socio-economic projections', 'environmental impact data']",27_climate_scenario_planning_with_generative_models,0.75,"[Climate data is largely available but requires integration of diverse sources, increasing preprocessing complexity. Generative models like VAEs and diffusion models are established but demand careful calibration for physical plausibility. Compute needs are moderate, with standard GPUs sufficient for VAEs and high-end GPUs for diffusion models. Deployment hinges on integrating outputs into existing climate modeling frameworks, posing moderate scalability challenges due to interdisciplinary alignment requirements.]"
